[
  {
    "name":"el-icon-platform-eleme"
  },
  {
    "name":"el-icon-eleme"
  },
  {
    "name":"el-icon-delete-solid"
  },
  {
    "name":"el-icon-delete"
  },

  {
    "name":"el-icon-user-solid"
  },
  {
    "name":"el-icon-user"
  },

  {
    "name":"el-icon-s-goods"
  },
  {
    "name":"el-icon-goods"
  },
  {
    "name":"el-icon-warning"
  },
  {
    "name":"el-icon-warning-outline"
  },
  
  {
    "name":"el-icon-error"
  },
  {
    "name":"el-icon-success"
  },
  {
    "name":"el-icon-warning"
  },
  {
    "name":"el-icon-question"
  },
  {
    "name":"el-icon-caret-top"
  },
  {
    "name":"el-icon-d-arrow-right"
  },
  {
    "name":"el-icon-minus"
  },
  {
    "name":"el-icon-plus"
  },
  {
    "name":"el-icon-remove"
  },
  {
    "name":"el-icon-circle-plus"
  },
  {
    "name":"el-icon-remove-outline"
  },
  {
    "name":"el-icon-circle-plus-outline"
  },
  {
    "name":"el-icon-close"
  },
  {
    "name":"el-icon-check"
  },
  {
    "name":"el-icon-circle-close"
  },
  {
    "name":"el-icon-circle-check"
  },
  {
    "name":"el-icon-circle-close-outline"
    
  },
  {
    "name":"el-icon-circle-check-outline",
    "class": "<i class='el-icon-circle-check-outline'></i>"
  },
  {
    "name":"el-icon-zoom-out",
    "class": "<i class='el-icon-zoom-out'></i>"
  },
  {
    "name":"el-icon-zoom-in",
    "class": "<i class='el-icon-zoom-in'></i>"
  },
  {
    "name":"el-icon-d-caret",
    "class": "<i class='el-icon-d-caret'></i>"
  },
  {
    "name":"el-icon-sort",
    "class": "<i class='el-icon-sort'></i>"
  },
  {
    "name":"el-icon-sort-down",
    "class": "<i class='el-icon-sort-down'></i>"
  },
  {
    "name":"el-icon-sort-up",
    "class": "<i class='el-icon-sort-up'></i>"
  },
  {
    "name":"el-icon-tickets",
    "class": "<i class='el-icon-tickets'></i>"
  },
  {
    "name":"el-icon-document",
    "class": "<i class='el-icon-document'></i>"
  },

  {
    "name":"el-icon-sold-out",
    "class": "<i class='el-icon-sold-out'></i>"
  },
  {
    "name":"el-icon-news",
    "class": "<i class='el-icon-news'></i>"
  },
  {
    "name":"el-icon-message",
    "class": "<i class='el-icon-message'></i>"
  },
  {
    "name":"el-icon-date",
    "class": "<i class='el-icon-date'></i>"
  },
  {
    "name":"el-icon-printer",
    "class": "<i class='el-icon-printer'></i>"
  },
  {
    "name":"el-icon-time",
    "class": "<i class='el-icon-time'></i>"
  },
  {
    "name":"el-icon-bell",
    "class": "<i class='el-icon-bell'></i>"
  },
  {
    "name":"el-icon-mobile-phone",
    "class": "<i class='el-icon-mobile-phone'></i>"
  },
  {
    "name":"el-icon-service",
    "class": "<i class='el-icon-service'></i>"
  },
  {
    "name":"el-icon-view",
    "class": "<i class='el-icon-view'></i>"
  },
  {
    "name":"el-icon-menu",
    "class": "<i class='el-icon-menu'></i>"
  },
  {
    "name":"el-icon-more",
    "class": "<i class='el-icon-more'></i>"
  },
  {
    "name":"el-icon-more-outline",
    "class": "<i class='el-icon-more-outline'></i>"
  },
  {
    "name":"el-icon-star-on",
    "class": "<i class='el-icon-star-on'></i>"
  },
  {
    "name":"el-icon-star-off",
    "class": "<i class='el-icon-star-off'></i>"
  },
  {
    "name":"el-icon-location"
  },
  {
    "name":"el-icon-location-outline"
  },
  {
    "name":"el-icon-phone"
  },
  {
    "name":"el-icon-phone-outline"
  },
  {
    "name":"el-icon-picture-outline"
  },
  {
    "name":"el-icon-delete"
  },
  {
    "name":"el-icon-search"
  },
  {
    "name":"el-icon-edit"
  },
  {
    "name":"el-icon-edit-outline"
  },
  {
    "name":"el-icon-rank"
  },
  {
    "name":"el-icon-d-caret"
  },
  {
    "name":"el-icon-share"
  },
  {
    "name":"el-icon-s-tools"
  },
  {
    "name":"el-icon-setting"
  },
  {
    "name":"el-icon-upload"
  },
  {
    "name":"el-icon-upload2"
  },
  {
    "name":"el-icon-download"
  },
  {
    "name":"el-icon-loading"
  },
  {
    "name":"el-icon-download"
  },
  {
    "name":"fa fa-cloud"
  },
  {
    "name":"fa fa-cog"
  },
  {
    "name":"fa fa-wrench"
  },
  {
    "name":"el-icon-camera-solid"
  },
  {
    "name":"el-icon-camera"
  },
  {
    "name":"el-icon-video-camera-solid"
  },
  {
    "name":"el-icon-video-camera"
  },
  {
    "name":"el-icon-message-solid"
  },
  {
    "name":"el-icon-bell"
  },
  {
    "name":"el-icon-s-cooperation"
  },
  {
    "name":"el-icon-s-order"
  },
  {
    "name":"el-icon-s-platform"
  },
  {
    "name":"el-icon-s-fold"
  },
  {
    "name":"el-icon-s-unfold"
  },
  {
    "name":"el-icon-s-operation"
  },
  {
    "name":"el-icon-s-promotion"
  },
  {
    "name":"el-icon-s-home"
  },
  {
    "name":"el-icon-s-release"
  },
  {
    "name":"el-icon-s-ticket"
  },
  {
    "name":"el-icon-s-management"
  },
  {
    "name":"el-icon-s-open"
  },
  {
    "name":"el-icon-s-shop"
  },
  {
    "name":"el-icon-s-marketing"
  },
  {
    "name":"el-icon-s-flag"
  },
  {
    "name":"el-icon-s-comment"
  },
  {
    "name":"el-icon-s-finance"
  },
  {
    "name":"el-icon-s-claim"
  },
  {
    "name":"el-icon-s-custom"
  },
  {
    "name":"el-icon-s-opportunity"
  },
  {
    "name":"el-icon-s-data"
  },
  {
    "name":"el-icon-s-check"
  },
  {
    "name":"el-icon-s-grid"
  },
  {
    "name":"el-icon-menu"
  },
  {
    "name":"el-icon-share"
  },
  {
    "name":"el-icon-d-caret"
  },
  {
    "name":"el-icon-caret-left"
  },
  {
    "name":"el-icon-caret-right"
  },
  {
    "name":"el-icon-caret-bottom"
  },
  {
    "name":"el-icon-caret-bottom"
  },
  {
    "name":"el-icon-bottom-left"
  },
  {
    "name":"el-icon-bottom-right"
  },
  {
    "name":"el-icon-back"
  },
  {
    "name":"el-icon-right"
  },
  {
    "name":"el-icon-bottom"
  },
  {
    "name":"el-icon-top"
  },
  {
    "name":"el-icon-top-left"
  },
  {
    "name":"el-icon-top-right"
  },
  {
    "name":"el-icon-arrow-left"
  },
  {
    "name":"el-icon-arrow-right"
  },
  {
    "name":"el-icon-arrow-down"
  },
  {
    "name":"el-icon-arrow-up"
  },
  {
    "name":"el-icon-d-arrow-left"
  },
  {
    "name":"el-icon-finished"
  },
  {
    "name":"el-icon-sort"
  },
  {
    "name":"el-icon-sort-up"
  },
  {
    "name":"el-icon-sort-down"
  },
  {
    "name":"el-icon-rank"
  },
  {
    "name":"el-icon-view"
  },
  {
    "name":"el-icon-c-scale-to-original"
  },
  {
    "name":"el-icon-date"
  },
  {
    "name":"el-icon-edit"
  },
  {
    "name":"el-icon-edit-outline"
  },
  {
    "name":"el-icon-folder"
  },
  {
    "name":"el-icon-folder-opened"
  },
  {
    "name":"el-icon-folder-add"
  },
  {
    "name":"el-icon-folder-remove"
  },
  {
    "name":"el-icon-folder-delete"
  },
  {
    "name":"el-icon-folder-checked"
  },
  {
    "name":"el-icon-tickets"
  },
  {
    "name":"el-icon-document-remove"
  },
  {
    "name":"el-icon-document-delete"
  },
  {
    "name":"el-icon-document-copy"
  },
  {
    "name":"el-icon-document-checked"
  },
  {
    "name":"el-icon-document"
  },
  {
    "name":"el-icon-document-add"
  },
  {
    "name":"el-icon-printer"
  },
  {
    "name":"el-icon-paperclip"
  },
  {
    "name":"el-icon-takeaway-box"
  },
  {
    "name":"el-icon-search"
  },
  {
    "name":"el-icon-monitor"
  },
  {
    "name":"el-icon-attract"
  },
  {
    "name":"el-icon-mobile"
  },
  {
    "name":"el-icon-scissors"
  },
  {
    "name":"el-icon-umbrella"
  },
  {
    "name":"el-icon-headset"
  },
  {
    "name":"el-icon-brush"
  },
  {
    "name":"el-icon-mouse"
  },
  {
    "name":"el-icon-coordinate"
  },
  {
    "name":"el-icon-magic-stick"
  },
  {
    "name":"el-icon-reading"
  },
  {
    "name":"el-icon-data-line"
  },
  {
    "name":"el-icon-data-board"
  },
  {
    "name":"el-icon-pie-chart"
  },
  {
    "name":"el-icon-data-analysis"
  },
  {
    "name":"el-icon-collection-tag"
  },
  {
    "name":"el-icon-film"
  },
  {
    "name":"el-icon-suitcase"
  },
  {
    "name":"el-icon-suitcase-1"
  },
  {
    "name":"el-icon-receiving"
  },
  {
    "name":"el-icon-collection"
  },
  {
    "name":"el-icon-files"
  },
  {
    "name":"el-icon-notebook-1"
  },
  {
    "name":"el-icon-notebook-2"
  },
  {
    "name":"el-icon-toilet-paper"
  },
  {
    "name":"el-icon-office-building"
  },
  {
    "name":"el-icon-school"
  },
  {
    "name":"el-icon-table-lamp"
  },
  {
    "name":"el-icon-house"
  },
  {
    "name":"el-icon-no-smoking"
  },
  {
    "name":"el-icon-smoking"
  },
  {
    "name":"el-icon-shopping-cart-full"
  },
  {
    "name":"el-icon-shopping-cart-1"
  },
  {
    "name":"el-icon-shopping-cart-2"
  },
  {
    "name":"el-icon-shopping-bag-1"
  },
  {
    "name":"el-icon-shopping-bag-2"
  },
  {
    "name":"el-icon-sold-out"
  },
  {
    "name":"el-icon-sell"
  },
  {
    "name":"el-icon-present"
  },
  {
    "name":"el-icon-box"
  },
  {
    "name":"el-icon-bank-card"
  },
  {
    "name":"el-icon-money"
  },
  {
    "name":"el-icon-coin"
  },
  {
    "name":"el-icon-wallet"
  },
  {
    "name":"el-icon-discount"
  },
  {
    "name":"el-icon-price-tag"
  },
  {
    "name":"el-icon-news"
  },
  {
    "name":"el-icon-guide"
  },
  {
    "name":"el-icon-male"
  },
  {
    "name":"el-icon-female"
  },
  {
    "name":"el-icon-thumb"
  },
  {
    "name":"el-icon-cpu"
  },
  {
    "name":"el-icon-link"
  },
  {
    "name":"el-icon-connection"
  },
  {
    "name":"el-icon-open"
  },
  {
    "name":"el-icon-turn-off"
  },
  {
    "name":"el-icon-set-up"
  },
  {
    "name":"el-icon-chat-round"
  },
  {
    "name":"el-icon-chat-line-round"
  },
  {
    "name":"el-icon-chat-square"
  },
  {
    "name":"el-icon-chat-dot-round"
  },
  {
    "name":"el-icon-chat-dot-square"
  },
  {
    "name":"el-icon-chat-line-square"
  },
  {
    "name":"el-icon-message"
  },
  {
    "name":"el-icon-postcard"
  },
  {
    "name":"el-icon-position"
  },
  {
    "name":"el-icon-turn-off-microphone"
  },
  {
    "name":"el-icon-microphone"
  },
  {
    "name":"el-icon-close-notification"
  },
  {
    "name":"el-icon-bangzhu"
  },
  {
    "name":"el-icon-time"
  },
  {
    "name":"el-icon-odometer"
  },
  {
    "name":"el-icon-crop"
  },
  {
    "name":"el-icon-aim"
  },
  {
    "name":"el-icon-switch-button"
  },
  {
    "name":"el-icon-full-screen"
  },
  {
    "name":"el-icon-copy-document"
  },
  {
    "name":"el-icon-mic"
  },
  {
    "name":"el-icon-stopwatch"
  },
  {
    "name":"el-icon-medal-1"
  },
  {
    "name":"el-icon-medal"
  },
  {
    "name":"el-icon-trophy"
  },
  {
    "name":"el-icon-trophy-1"
  },
  {
    "name":"el-icon-first-aid-kit"
  },
  {
    "name":"el-icon-discover"
  },
  {
    "name":"el-icon-place"
  },
  {
    "name":"el-icon-location"
  },
  {
    "name":"el-icon-location-outline"
  },
  {
    "name":"el-icon-location-information"
  },
  {
    "name":"el-icon-add-location"
  },
  {
    "name":"el-icon-delete-location"
  },
  {
    "name":"el-icon-map-location"
  },
  {
    "name":"el-icon-alarm-clock"
  },
  {
    "name":"el-icon-timer"
  },
  {
    "name":"el-icon-watch-1"
  },
  {
    "name":"el-icon-watch"
  },
  {
    "name":"el-icon-lock"
  },
  {
    "name":"el-icon-unlock"
  },
  {
    "name":"el-icon-key"
  },
  {
    "name":"el-icon-service"
  },
  {
    "name":"el-icon-mobile-phone"
  },
  {
    "name":"el-icon-bicycle"
  },
  {
    "name":"el-icon-truck"
  },
  {
    "name":"el-icon-ship"
  },
  {
    "name":"el-icon-basketball"
  },
  {
    "name":"el-icon-football"
  },
  {
    "name":"el-icon-soccer"
  },
  {
    "name":"el-icon-baseball"
  },
  {
    "name":"el-icon-wind-power"
  },
  {
    "name":"el-icon-light-rain"
  },
  {
    "name":"el-icon-lightning"
  },
  {
    "name":"el-icon-heavy-rain"
  },
  {
    "name":"el-icon-sunrise"
  },
  {
    "name":"el-icon-sunrise-1"
  },
  {
    "name":"el-icon-sunset"
  },
  {
    "name":"el-icon-sunny"
  },
  {
    "name":"el-icon-cloudy"
  },
  {
    "name":"el-icon-partly-cloudy"
  },
  {
    "name":"el-icon-cloudy-and-sunny"
  },
  {
    "name":"el-icon-moon"
  },
  {
    "name":"el-icon-moon-night"
  },
  {
    "name":"el-icon-dish"
  },
  {
    "name":"el-icon-dish-1"
  },
  {
    "name":"el-icon-food"
  },
  {
    "name":"el-icon-chicken"
  },
  {
    "name":"el-icon-fork-spoon"
  },
  {
    "name":"el-icon-knife-fork"
  },
  {
    "name":"el-icon-burger"
  },
  {
    "name":"el-icon-tableware"
  },
  {
    "name":"el-icon-sugar"
  },
  {
    "name":"el-icon-dessert"
  },
  {
    "name":"el-icon-ice-cream"
  },
  {
    "name":"el-icon-hot-water"
  },
  {
    "name":"el-icon-water-cup"
  },
  {
    "name":"el-icon-coffee-cup"
  },
  {
    "name":"el-icon-cold-drink"
  },
  {
    "name":"el-icon-goblet"
  },
  {
    "name":"el-icon-goblet-full"
  },
  {
    "name":"el-icon-goblet-square"
  },
  {
    "name":"el-icon-goblet-square-full"
  },
  {
    "name":"el-icon-refrigerator"
  },
  {
    "name":"el-icon-grape"
  },
  {
    "name":"el-icon-watermelon"
  },
  {
    "name":"el-icon-cherry"
  },
  {
    "name":"el-icon-apple"
  },
  {
    "name":"el-icon-pear"
  },
  {
    "name":"el-icon-orange"
  },
  {
    "name":"el-icon-coffee"
  },
  {
    "name":"el-icon-ice-tea"
  },
  {
    "name":"l-icon-ice-drink"
  },
  {
    "name":"el-icon-milk-tea"
  },
  {
    "name":"el-icon-potato-strips"
  },
  {
    "name":"el-icon-lollipop"
  },
  {
    "name":"el-icon-ice-cream-square"
  },
  {
    "name":"el-icon-ice-cream-round"
  },
  {
    "name":""
  },
  {
    "name":""
  },
  {
    "name":""
  },
  {
    "name":""
  },
  {
    "name":""
  },
  {
    "name":""
  },
  {
    "name":""
  },
  {
    "name":""
  },
  {
    "name":""
  }


]
